"variable","media","mediana","moda","simetria","curtosis","varianza","desviacion_estandar","rango","coeficiente_variacion"
"Fertility",70.1425531914894,70.4,65,-0.455687083046535,3.25995416603789,156.042497687327,12.4916971500003,57.5,17.8090140458645
"Agriculture",50.6595744680851,54.1,1.2,-0.320363745077968,2.11447293636704,515.799417206291,22.7112178714901,88.5,44.8310474573723
"Examination",16.4893617021277,16,14,0.446399608331264,2.86306361448536,63.6466234967623,7.97788339703973,34,48.3820025368861
"Education",10.9787234042553,8,7,2.26843888722166,9.13973470055242,92.4560592044403,9.61540738629624,52,87.5821990612255
"Catholic",41.143829787234,15.14,5.23,0.478925656340767,1.3345804997003,1739.29453718779,41.7048502837235,97.85,101.36355924908
"Infant.Mortality",19.9425531914894,20,18,-0.331432562015009,3.77728682762542,8.48380203515264,2.9126966946719,15.8,14.6054352554763
